{"mu": [-0.0006363030578579564, -0.000292296855631591, -0.0002752994123894908, 0.8047492794306086, 0.028755486485392782, 0.0864980162711769, 0.0005064646739167462, -0.0008237808313409162, 0.00011294843854609097], "sigma": [0.1948463495831925, 0.12242749123373496, 0.10687881598104768, 0.41411195601092476, 0.3909954360512414, 0.35776881729366466, 0.40681507479991436, 0.3818543285827579, 0.2557431491491384]}